{
	"module": "bitfinex.dll",
	"triggers": [
        {
			"startTime": 90,
            "endTime": 300,
			"changedPerMin": 4
		},{
			"startTime": 3600,
            "endTime": 7200,
			"changedPerMin": 0.1667
		}
	],
    "volumeTriggers": [
        {
            "measureDuration": 120,
            "volumeChangedThresholdInPercent": 500,
            "priceChangedThresholdInPercent": 4,
            "miniumVolumeInBTC": 30
        }, {
            "measureDuration": 120,
            "volumeChangedThresholdInPercent": 300,
            "priceChangedThresholdInPercent": 2,
            "miniumVolumeInBTC": 50,
            "symbolFilter": "BTCUSD"
        }
    ],
    "periods": [
        {
            "name":"1h",
            "duration":3600
        },{
            "name":"2h",
            "duration":3600
        },{
            "name":"3h",
            "duration":3600
        },{
            "name":"4h",
            "duration":3600
        }
    ],
	"users": [
        {
			"userKey": "<your PushOver user key>",
			"applicationKey": "<your PushOver application key>",
			"interest": "all"
		}
	],
    "currencies":["USD","BTC","ETH","EUR"]
}
